{
  "accuracy": 0.636,
  "f1": 0.7169517884914464,
  "roc_auc": 0.6737324739185327,
  "classification_report": {
    "On-time": {
      "precision": 0.5645161290322581,
      "recall": 0.43316831683168316,
      "f1-score": 0.49019607843137253,
      "support": 404.0
    },
    "Late": {
      "precision": 0.6681159420289855,
      "recall": 0.7734899328859061,
      "f1-score": 0.7169517884914464,
      "support": 596.0
    },
    "accuracy": 0.636,
    "macro avg": {
      "precision": 0.6163160355306219,
      "recall": 0.6033291248587946,
      "f1-score": 0.6035739334614094,
      "support": 1000.0
    },
    "weighted avg": {
      "precision": 0.6262616175783077,
      "recall": 0.636,
      "f1-score": 0.6253424816271765,
      "support": 1000.0
    }
  }
}